cohort_month,industry,month_offset,active_companies,starting_companies,retention_rate_pct
2025-01-01,E-commerce,0,5,5,100.0
2025-01-01,E-commerce,1,2,5,40.0
2025-01-01,E-commerce,2,2,5,40.0
2025-01-01,E-commerce,3,1,5,20.0
2025-01-01,E-commerce,4,2,5,40.0
2025-01-01,E-commerce,5,1,5,20.0
2025-01-01,E-commerce,6,2,5,40.0
2025-01-01,E-commerce,7,2,5,40.0
2025-01-01,Fintech,0,1,1,100.0
2025-01-01,Fintech,1,1,1,100.0
2025-01-01,Fintech,2,1,1,100.0
2025-01-01,Healthcare,0,4,4,100.0
2025-01-01,Healthcare,1,1,4,25.0
2025-01-01,Healthcare,2,1,4,25.0
2025-01-01,Healthcare,3,1,4,25.0
2025-01-01,Healthcare,4,1,4,25.0
2025-01-01,Healthcare,5,1,4,25.0
2025-01-01,SaaS,0,3,3,100.0
2025-01-01,SaaS,1,2,3,66.67
2025-01-01,SaaS,3,2,3,66.67
2025-01-01,SaaS,6,1,3,33.33
2025-01-01,SaaS,7,1,3,33.33
2025-02-01,E-commerce,0,3,3,100.0
2025-02-01,E-commerce,1,1,3,33.33
2025-02-01,E-commerce,3,1,3,33.33
2025-02-01,EdTech,0,5,5,100.0
2025-02-01,EdTech,1,2,5,40.0
2025-02-01,EdTech,2,3,5,60.0
2025-02-01,EdTech,3,1,5,20.0
2025-02-01,EdTech,4,2,5,40.0
2025-02-01,EdTech,5,4,5,80.0
2025-02-01,Healthcare,0,2,2,100.0
2025-02-01,Healthcare,2,1,2,50.0
2025-02-01,Healthcare,3,1,2,50.0
2025-02-01,Healthcare,4,1,2,50.0
2025-02-01,Healthcare,5,1,2,50.0
2025-02-01,Healthcare,6,1,2,50.0
2025-02-01,SaaS,0,5,5,100.0
2025-02-01,SaaS,1,2,5,40.0
2025-02-01,SaaS,2,2,5,40.0
2025-02-01,SaaS,4,1,5,20.0
2025-02-01,SaaS,5,2,5,40.0
2025-02-01,SaaS,6,4,5,80.0
2025-03-01,EdTech,0,1,1,100.0
2025-03-01,EdTech,2,1,1,100.0
2025-03-01,Fintech,0,2,2,100.0
2025-03-01,Fintech,2,1,2,50.0
2025-03-01,Fintech,3,1,2,50.0
2025-03-01,Fintech,5,1,2,50.0
2025-03-01,Healthcare,0,2,2,100.0
2025-03-01,Healthcare,1,1,2,50.0
2025-03-01,Healthcare,2,2,2,100.0
2025-03-01,Healthcare,3,1,2,50.0
2025-03-01,SaaS,0,1,1,100.0
2025-04-01,EdTech,0,1,1,100.0
2025-04-01,EdTech,1,1,1,100.0
2025-04-01,Healthcare,0,1,1,100.0
2025-04-01,Healthcare,1,1,1,100.0
2025-04-01,Healthcare,2,1,1,100.0
2025-04-01,Healthcare,3,1,1,100.0
2025-04-01,SaaS,0,1,1,100.0
2025-04-01,SaaS,1,1,1,100.0
2025-04-01,SaaS,4,1,1,100.0
2025-05-01,E-commerce,0,2,2,100.0
2025-05-01,E-commerce,1,1,2,50.0
2025-05-01,E-commerce,3,1,2,50.0
2025-05-01,Healthcare,0,1,1,100.0
2025-05-01,SaaS,0,1,1,100.0
2025-06-01,E-commerce,0,1,1,100.0
2025-06-01,E-commerce,1,1,1,100.0
2025-06-01,EdTech,0,1,1,100.0
2025-06-01,EdTech,1,1,1,100.0
2025-06-01,EdTech,2,1,1,100.0
2025-06-01,Fintech,0,2,2,100.0
2025-07-01,E-commerce,0,1,1,100.0
2025-07-01,E-commerce,1,1,1,100.0
2025-07-01,EdTech,0,1,1,100.0
2025-07-01,EdTech,1,1,1,100.0
2025-08-01,EdTech,0,1,1,100.0
2025-08-01,SaaS,0,1,1,100.0
