customer_issue,ticket_volume,affected_companies,associated_closed_lost_deals,associated_lost_deal_revenue,avg_resolution_hours,triangulation_quadrant,architectural_action
Trial upgrade not processing,44,44,9,1951367.87,193.5,Quadrant 1: Core System Fix (High Vocal + High Financial Impact),PRIORITY 2 SPRINT (Core Reliability)
Custom field not saving properly,16,16,7,1288989.45,-1282.3,Quadrant 3: Under-reported risk (Low Vocal + High Financial Impact),PRIORITY 1 SPRINT (Protect Enterprise Retention)
UI not loading correctly on dashboard,27,27,6,1143775.28,-112.3,Quadrant 1: Core System Fix (High Vocal + High Financial Impact),PRIORITY 2 SPRINT (Core Reliability)
Account deactivated unexpectedly,20,19,5,1057745.14,126.9,Quadrant 1: Core System Fix (High Vocal + High Financial Impact),PRIORITY 2 SPRINT (Core Reliability)
Notification emails not being sent,31,29,3,1018592.33,1344.0,Quadrant 1: Core System Fix (High Vocal + High Financial Impact),PRIORITY 2 SPRINT (Core Reliability)
Two-factor authentication setup failing,27,27,4,858335.27,14.4,Quadrant 1: Core System Fix (High Vocal + High Financial Impact),PRIORITY 2 SPRINT (Core Reliability)
Broken link in help center,27,27,4,781178.58,-626.0,Quadrant 1: Core System Fix (High Vocal + High Financial Impact),PRIORITY 2 SPRINT (Core Reliability)
API request returning 500 error,26,26,3,742319.22,-1548.8,Quadrant 1: Core System Fix (High Vocal + High Financial Impact),PRIORITY 2 SPRINT (Core Reliability)
Duplicate records in database,20,20,4,575089.09,1384.9,Quadrant 1: Core System Fix (High Vocal + High Financial Impact),PRIORITY 2 SPRINT (Core Reliability)
UI misalignment on Chrome,34,32,2,517159.12,-183.1,Quadrant 1: Core System Fix (High Vocal + High Financial Impact),PRIORITY 2 SPRINT (Core Reliability)
Unable to log in with SSO,24,24,2,418475.82,-742.5,Quadrant 1: Core System Fix (High Vocal + High Financial Impact),PRIORITY 2 SPRINT (Core Reliability)
Mobile app crashes on login,26,26,1,368774.43,-377.1,Quadrant 1: Core System Fix (High Vocal + High Financial Impact),PRIORITY 2 SPRINT (Core Reliability)
Invoice not generating correctly,21,21,1,161550.16,-501.8,Quadrant 2: The Vocal Trap (High Vocal + Low Financial Impact),DEFER (Validate Demand Before Roadmap Investment)
Email sync not working,22,22,1,126147.15,-53.5,Quadrant 2: The Vocal Trap (High Vocal + Low Financial Impact),DEFER (Validate Demand Before Roadmap Investment)
Permissions not updating for new user,21,20,1,60966.85,265.7,Quadrant 2: The Vocal Trap (High Vocal + Low Financial Impact),DEFER (Validate Demand Before Roadmap Investment)
Slow page load times in app,31,31,1,23119.57,315.6,Quadrant 2: The Vocal Trap (High Vocal + Low Financial Impact),DEFER (Validate Demand Before Roadmap Investment)
Data sync delay between systems,23,22,0,0.0,-18.9,Quadrant 2: The Vocal Trap (High Vocal + Low Financial Impact),DEFER (Validate Demand Before Roadmap Investment)
Workflow automation not triggering,22,22,0,0.0,290.4,Quadrant 2: The Vocal Trap (High Vocal + Low Financial Impact),DEFER (Validate Demand Before Roadmap Investment)
Integration with Salesforce failing,22,21,0,0.0,385.7,Quadrant 2: The Vocal Trap (High Vocal + Low Financial Impact),DEFER (Validate Demand Before Roadmap Investment)
Error exporting reports,16,16,0,0.0,-1666.7,Quadrant 4: Minor Operational Defect (Low Vocal + Low Impact),STANDARD BACKLOG
